{
  "sample_id": "cs_core_resistor_load_cs_core_resistor_load_sf_core_429c614d",
  "cascade": {
    "Av_total": 16.741450828542597,
    "Av_total_dB": 24.475861832436955
  },
  "stages": {
    "stage_1": {
      "qpoint": {
        "VGS": 0.9139781901912012,
        "VOV": 0.4139781901912012,
        "ID": 8.568897097699118e-05,
        "VD": 3.0212415495211897,
        "VDS": 3.0212415495211897
      },
      "small_signal": {
        "gm": 0.00045668935597703727,
        "ro": 341740.5840058189
      },
      "gain": {
        "Av": -9.878506356779763,
        "Rout": 21630.691032081908
      },
      "sat_ok": 1.0
    },
    "stage_2": {
      "qpoint": {
        "VGS": 3.0212415495211897,
        "VOV": 2.5212415495211897,
        "ID": 0.0015891647377580026,
        "VD": 2.844597680040727,
        "VDS": 2.844597680040727
      },
      "small_signal": {
        "gm": 0.0013733960406240794,
        "ro": 20008.86859045843
      },
      "gain": {
        "Av": -1.744500877965746,
        "Rout": 1270.2096309910974
      },
      "sat_ok": 1.0
    },
    "stage_3": {
      "qpoint": {
        "VGS": 0.6315200792313833,
        "VOV": 0.1315200792313833,
        "ID": 8.648765620514669e-06,
        "VD": 5.0,
        "VDS": 2.786922399190656
      },
      "small_signal": {
        "gm": 0.0001394838605485943,
        "ro": 5321615.396159793
      },
      "gain": {
        "Av": 0.9714727333442478,
        "Rout": 6964.768034978497
      },
      "sat_ok": 1.0
    }
  }
}